实体id,实体名称,预警指数,此次预警时间,最早预警时间,预警理由,集资模式,风险评级,业态类型,所属行业,问题平台,省份,城市,实体类别,实体来源,收益率,收益率大小所属分位点,担保承诺,煽动性广告数量,煽动性广告数所属分位点,负面舆情数量,负面舆情数所属分位点,诉讼记录数量,诉讼记录数所属分位点,经营异常数量,经营异常数所属分位点,赞成数,反对数,审核理由
28552,德丰利达（北京）控股有限公司,99.0,2018-04-15,2018-03-11,"煽动性广告多；
存在担保承诺；",,大,,,无,北京,朝阳,工司,人工导入,80%,不详,1,7,80%,8,70%,0,不详,0,不详,1,0,1. 称销售年收益24%理财产品，投资集团旗下项目，与客户签订“抵押销售”合同，收益率较高；2. 投资项目：自称属于企业项目直投，投向集团旗下公司“海红虾青素”项目3.与客户签订“抵押销售”合同 宣称保证“保本保息”，涉嫌虚假宣传4. 有投资者表示，签合同后并未收到合同中的虾青素等产品，疑似虚假投资
261,爱钱进,98.0,2018-04-15,2018-01-30,"负面舆情多；
煽动性广告多；
收益率过高；
",,不详,网络借贷,,无,广东,深圳,平台,网贷之家,70%,95%,3,287,95%,89,95%,0,不详,0,不详,2,0,EJ无
629,鲤鱼理财,98.0,2018-04-15,2018-01-10,"收益率过高；
",无,大,网络借贷,,无,上海,上海,平台,网贷之家,1300%,95%,3,2,30%,2,30%,0,不详,0,不详,2,0,广告打的较多，可能存在虚假宣传和过度宣传的网贷之家：https://bbs.wdzj.com/thread-946874-1-1.html百度口碑：https://koubei.baidu.com/m2/detail/18614031/ctype/4?opentype=1负面舆情较严重
905,宝象金融,98.0,2018-04-15,2018-01-30,"负面舆情多；
煽动性广告多；
收益率过高；
",无,小,网络借贷,无,无,上海,上海,平台,网贷之家,40%,95%,3,421,95%,38,90%,0,不详,0,不详,1,0,有人爆料逾期，有人分析项目不合法，还有删除舆论的嫌疑
1125,雅堂金融,98.0,2018-04-15,2018-01-10,"负面舆情多；
煽动性广告多；
收益率过高；
",无,大,网络借贷,无,停业,广东,深圳,平台,网贷之家,60%,95%,3,9,85%,216,95%,0,不详,0,不详,1,0,停业
2641,萨飞资本,98.0,2018-04-15,2018-01-10,"煽动性广告多；
收益率过高；
",无,小,,无,无,上海,上海,平台,网贷之家,50%,95%,3,158,90%,2,30%,0,不详,0,不详,1,0,"官网比较规范，收益率也还算正常，也没有跑路或者是欠款的舆论爆出,但是在一篇文章中提到除了利息之外还有返现加上红包，如果算入收益率的话就会变得很高"
3732,金蛐蛐,98.0,2018-04-15,2018-01-30,"煽动性广告多；
收益率过高；
",无,小,网络借贷,无,无,上海,上海,工司,数据库,50%,95%,3,155,85%,0,不详,0,不详,0,不详,1,0,官网的显示收益率并不高，但是在一篇文章中提到除了利息之外还有返现加上红包，如果算入收益率的话就会变得很高，甚至达到100%以上
17596,吉林国际商品交易中心,97.5,2018-04-15,2018-01-30,"负面舆情多；
诉讼记录多；
",,大,交易所,,"警方介入,平台诈骗",山东,白山,工司,数据库,不详,不详,3,2,20%,76,95%,4,90%,0,不详,2,0,虚假宣传欺诈，诱骗上套；交易机制不合规；多地投资者投诉，涉嫌诈骗风波不断，部分地方公安机关已立案侦查虚假宣传欺诈，诱骗上套；交易机制不合规；多地投资者投诉，涉嫌诈骗风波不断，部分地方公安机关已立案侦查
15494,蛙宝,96.8571,2018-04-15,2018-01-30,"负面舆情多；
煽动性广告多；
收益率过高；
经营异常多；
",无,大,非法集资,无,无,江苏,南京,工司,数据库,25%,90%,3,11,80%,24,85%,0,不详,1,85%,1,0,EH
1920,拍拍贷,96.2857,2018-04-15,2018-01-10,"负面舆情多；
诉讼记录多；
煽动性广告多；
收益率过高；
",无,小,网络借贷,无,无,上海,上海,平台,网贷之家,24%,95%,3,180,95%,88,95%,12,90%,0,不详,1,0,A诈骗
24643,大连再生资源交易所,96.0,2018-04-15,2018-01-30,"负面舆情多；
",,大,交易所,,"警方介入,平台诈骗",上海,上海,工司,数据库,不详,不详,3,0,60%,87,95%,0,不详,0,不详,2,0,虚假宣传欺诈，诱骗上套；虚假监管欺诈，诱骗入金；交易机制不合规；多地投资者投诉，负面舆情较多虚假宣传欺诈，诱骗上套；交易机制不合规；多地投资者投诉，涉嫌诈骗风波不断，部分地方公安机关已立案侦查
895,可溯金融,96.0,2018-04-15,2018-01-30,"负面舆情多；
煽动性广告多；
",,不详,互联网资产管理,,,浙江,杭州,平台,网贷之家,10%,20%,3,225,95%,91,95%,0,不详,0,不详,1,0,
18926,泛亚有色金属交易所,96.0,2018-04-15,2018-01-30,"负面舆情多；
煽动性广告多；
存在担保承诺；",,大,交易所,,"警方介入,平台诈骗",贵州,贵阳,工司,数据库,不详,不详,1,1,80%,195,95%,0,不详,0,不详,1,0,虚假宣传欺诈，诱骗上套；交易机制不合规；多地投资者投诉，涉嫌诈骗风波不断，部分地方公安机关已立案侦查
1991,工程惠贷,95.2857,2018-04-15,2018-01-10,"收益率过高；
",无,小,网络借贷,无,无,湖南,长沙,平台,网贷之家,21%,85%,3,0,不详,8,70%,0,不详,0,不详,1,0,投标项目为建筑企业投标所用的保证金，但是一重担保机构信用问题很大
21056,交易猫,95.0,2018-04-15,2018-01-30,"负面舆情多；
煽动性广告多；
",,小,交易所,,无,广东,广州,工司,数据库,不详,不详,3,759,95%,41,90%,0,不详,0,不详,1,0,负面舆情多
171,稳贷网,93.96,2018-04-15,2018-01-30,"负面舆情多；
收益率过高；
",null,大,网络借贷,无,无,广东,佛山,平台,网贷之家,19%,85%,3,3,55%,18,85%,0,不详,0,不详,1,0,网站中的出借项目的借款人其实是本公司的股东之一，担保机构也有问题，收益率过高
200,狮子座金融,93.5,2018-04-15,2018-01-10,"负面舆情多；
收益率过高；
",,不详,网络借贷,,,广东,佛山,平台,网贷之家,20%,85%,3,3,45%,12,80%,0,不详,0,不详,1,0,
25399,佰仟金融,89.8571,2018-04-15,2018-01-30,"负面舆情多；
诉讼记录多；
收益率过高；
经营异常多；
",无,大,互联网消费金融,无,无,广东,深圳,工司,数据库,不详,95%,3,6,75%,72,95%,57,95%,1,85%,1,0,经营异常；法律诉讼记录较多；贷款利息高；隐瞒欺骗消费者；恶意催收
310,百金贷,89.2857,2018-04-15,2018-03-18,"负面舆情多；
煽动性广告多；
",,小,互联网消费金融,金融业或类金融业,涉嫌自融,北京,北京,平台,网贷之家,10%,30%,3,292,95%,43,90%,0,不详,0,不详,1,0,"http://www.wdzx.com/thread-656155-1-1.html1. 高收益宣传，舆情标题为“金融超市网：百金贷综合年化率达21.6% 一万收益540”，官网宣称的年化收益率9%~12%
2. 官网宣称2个银行存管，“贵州银行存管”，“上饶银行存管，系统即将上线”
3. 虚假标的，舆情文章“屡出漏洞的百金贷还敢爱吗 车标光明正大造假！”，“百金贷车标造假再来一例 求把假标都删了吧！”
4. 自融，舆情文章“自融的百金贷，高返模式能走多久，质疑以租代购模式 ”
5. 融资造假，舆情报道“在2017年8月份突然宣布获得新加坡星达集团的1000万美金战略入股，对于此次事件一直被怀疑百金贷融资造假，最明显的一个证据就是截止目前为止，百金贷股东结构中并未新加坡星达集团相关公司。”
6. 行政处罚1条，京工商怀处字〔2017〕第62号，广告主发布含有对未来效果、收益或者与其相关的情况作出保证性承诺，明示或者暗示保本、无风险或者保收益等内容的招商等有投资回报预期的商品或者服务广告"
20499,我房贷,87.0714,2018-04-15,2018-04-15,暂无,直接借贷,大,网络借贷,,无,海南,海口,工司,数据库,不详,不详,3,1,30%,10,75%,0,不详,0,不详,1,0,"广告和舆情判别有噪音
1. 涉嫌自融，企业资金周转标127期和企业资金周转标122期中借款方海南尚兴实业有限公司（孟浩任监事）与平台运营主体海南四国资产管理有限公司（孟浩任法人）存在关联关系
2. 官网投资项目均宣称10%年化收益
3. 夸大宣传，官网宣传小投入，超短期，高收益，有保障
4. 官网宣称好友投资有年化2%的投资额奖励，称呼朋唤友共赚现金壕礼，和土豪做朋友真能成朋友
5. 无银行存管"
1811,金牌理财,87.0,2018-04-15,2018-01-10,"煽动性广告多；
",直接借贷,小,网络借贷,金融业或类金融业,无,河南,郑州,平台,网贷之家,18%,75%,3,13,80%,5,60%,0,不详,0,不详,1,0,平台项目借款利率较高；平台涉嫌大额拆借
2030,小九金服,87.0,2018-04-15,2018-01-10,"煽动性广告多；
",直接借贷,小,网络借贷,金融业或类金融业,无,浙江,杭州,平台,网贷之家,18%,75%,3,91,85%,0,70%,0,不详,0,不详,1,0,该平台运营主体部分股权处于出质状态
638,信而富,86.4286,2018-04-15,2018-01-30,"负面舆情多；
诉讼记录多；
煽动性广告多；
",,小,网络借贷,金融业或类金融业,无,上海,上海,平台,网贷之家,11%,35%,3,48,90%,49,95%,82,95%,0,不详,1,0,平台借款项目信息不透明；平台运营主体作为被告涉诉频繁
376,易人金服,85.8571,2018-04-15,2018-03-18,"负面舆情多；
",直接借贷,大,网络借贷,金融业或类金融业,平台失联,福建,泉州,平台,网贷之家,不详,不详,3,0,65%,28,90%,0,不详,0,不详,1,0,平台公告清盘，终止运营，现已无法访问
1894,国信贷,85.8571,2018-04-15,2018-04-15,"负面舆情多；
煽动性广告多；
",投资理财,大,网络借贷,P2P网络借贷,无,北京,北京,平台,网贷之家,11%,40%,3,222,95%,27,90%,0,不详,0,不详,1,0,"1. 业务形态，P2P网络借贷
2. 官网上发布项目为“横沥临建工程施工”、“龙大高速工程施工”、“小区照明工程施工”等，所有项目的担保方均为国基控股有限公司，融资方形如国基建设集团有限公司苏北分公司/华东分公司等
3. 未银行存管
4. 涉嫌自保，平台担保方国基控股有限公司（法人张存法）与平台运营主体国信财富（北京）信息科技有限公司（曾任监事张存法）存在关联关系；
5. 涉嫌自融，平台项目借款方国基建设集团有限公司深圳分公司（张存法任国基建设集团有限公司股东，占股67.06%）与平台运营主体国信财富（北京）信息科技有限公司（曾任监事张存法）存在关联关系"
324,得利宝,85.75,2018-04-15,2018-01-10,"煽动性广告多；
经营异常多；
",投资理财,大,,金融业或类金融业,无,广东,深圳,平台,网贷之家,15%,65%,3,68,80%,0,不详,0,不详,1,85%,1,0,1.有1条经营异常，通过登记的住所或者经营场所无法联系；2.收益率15%，偏高
509,睿信贷,85.75,2018-04-15,2018-01-10,暂无,直接借贷,小,网络借贷,金融业或类金融业,警方介入,河南,濮阳,平台,网贷之家,15%,65%,3,0,30%,0,55%,0,不详,0,不详,1,0,平台逾期严重，警方以非法集资立案
24924,金猫微贷,85.75,2018-04-15,2018-01-30,暂无,直接借贷,小,网络借贷,金融业或类金融业,无,河南,郑州,平台,网贷之家,15%,65%,3,0,不详,0,不详,0,不详,0,不详,1,0,平台涉嫌本息保障诱导性宣传，项目已近一年未更新，疑似为僵尸网站
1926,汇盈金服,85.2857,2018-04-15,2018-01-10,"负面舆情多；
煽动性广告多；
",直接借贷,小,网络借贷,金融业或类金融业,无,北京,北京,平台,网贷之家,9%,15%,3,95,90%,29,90%,0,不详,0,不详,1,0,涉嫌上市公司背景夸大宣传，平台标的信息不透明
3152,鲁小姐理财,85.2857,2018-04-15,2018-03-25,"负面舆情多；
煽动性广告多；
经营异常多；
",直接借贷,小,网络借贷,金融业或类金融业,无,浙江,杭州,工司,数据库,不详,不详,3,40,80%,31,90%,0,不详,1,85%,1,0,平台运营主体一年内股东变更频繁
17522,财猫,85.2857,2018-04-15,2018-01-30,"负面舆情多；
诉讼记录多；
煽动性广告多；
",直接借贷,小,网络借贷,金融业或类金融业,无,北京,朝阳,工司,数据库,不详,不详,3,304,95%,28,90%,2,85%,0,不详,1,0,平台涉嫌“高收益”诱导性宣传；平台运营主体作为被告涉诉较为频繁
448,存米网,85.0,2018-04-15,2018-03-18,暂无,直接借贷,小,网络借贷,金融业或类金融业,无,浙江,,平台,网贷之家,18%,75%,3,0,45%,0,不详,0,不详,0,不详,1,0,该平台发布借款标的涉嫌超额借款（超过个人20万，企业100万规定）
1547,和润贷,85.0,2018-04-15,2018-01-10,暂无,直接借贷,小,网络借贷,金融业或类金融业,无,浙江,上海,平台,网贷之家,18%,75%,3,0,不详,0,不详,0,不详,0,不详,1,0,该平台无银行存管，已一个月内无新标
2208,融金宝,85.0,2018-04-15,2018-01-10,暂无,直接借贷,小,网络借贷,金融业或类金融业,无,广东,深圳,平台,网贷之家,18%,75%,3,12,70%,0,30%,0,不详,0,不详,1,0,该平台运营主体关联公司广州市金信互联网金融信息服务有限公司于2016年被列入工商经营异常名录，至今未移除
2007,亿信宝,84.7143,2018-04-15,2018-01-10,"负面舆情多；
",直接借贷,小,网络借贷,金融业或类金融业,无,北京,朝阳,平台,网贷之家,10%,20%,3,7,55%,51,95%,0,不详,0,不详,1,0,https://www.yxb.com/lendinglist/detailDY11514988.shtml涉嫌超额借款（超过个人20万，企业100万规定）
319,温州贷,84.1429,2018-04-15,2018-01-30,"负面舆情多；
",直接借贷,小,网络借贷,金融业或类金融业,无,上海,,平台,网贷之家,不详,65%,3,14,75%,24,85%,0,不详,0,不详,1,0,平台运营主体多次被行政处罚；负面舆情较为严重
949,广富宝,84.1429,2018-04-15,2018-01-10,"负面舆情多；
诉讼记录多；
",直接借贷,大,网络借贷,金融业或类金融业,无,广东,深圳,平台,网贷之家,13%,75%,3,4,75%,25,90%,1,80%,0,不详,1,0,涉嫌自融，其借款端来源为深圳广富宝汽车租赁有限公司，与平台机构为同一法人
1250,小诸葛金服,84.1429,2018-04-15,2018-01-10,"负面舆情多；
煽动性广告多；
",直接借贷,大,网络借贷,金融业或类金融业,无,上海,上海,工司,数据库,不详,不详,3,95,85%,35,90%,0,不详,0,不详,1,0,http://www.sohu.com/a/201541609_586932舆情曝光涉嫌虚假标的；目前平台项目均宣称为“智能投资组合”标的，信息不透明
2032,亿亿理财,84.1429,2018-04-15,2018-03-18,"负面舆情多；
",直接借贷,小,网络借贷,金融业或类金融业,无,上海,上海,平台,网贷之家,9%,15%,3,5,65%,25,90%,0,不详,0,不详,1,0,https://www.yiyilc.com/front/invest/invest?bidId=1163超额借款（超过个人20万，企业100万规定）
25058,智信创富,84.025,2018-04-15,2018-02-25,"诉讼记录多；
","直接借贷,销售保险及加盟返利",小,网络借贷,金融业或类金融业,预警,上海,上海,平台,网贷之家,15%,60%,3,0,40%,0,不详,2,85%,0,不详,1,0,平台开展业务为其他网贷及保险；平台运营主体开设多家分支机构，且多个分支机构已注销；涉嫌诱导性宣传
963,金投行,83.5714,2018-04-15,2018-04-01,"负面舆情多；
煽动性广告多；
经营异常多；
","直接借贷,委托理财",小,网络借贷,金融业或类金融业,无,浙江,杭州,平台,网贷之家,7%,5%,3,49,80%,23,85%,0,不详,1,85%,1,0,有负面舆情披露平台资管产品逾期，至今无法兑现
19651,上海华通铂银交易市场,82.4286,2018-04-15,2018-01-30,"负面舆情多；
经营异常多；
",投资理财,大,交易所,地方性交易场所,无,上海,上海,工司,数据库,不详,不详,3,4,60%,33,90%,0,不详,1,85%,1,0,"1. 冒充上海华通铂银交易市场有限公司网站（网址为http://www.pzhlx.com/、http://www.jhsztl.com/jiamen/?18_1.html），根据两个网站上标注的办公地点，可以视作是同一个公司所为。被冒充的网站为：http://www.huatongsilver.com/
2. 虚假网站违规宣传，通过QQ、直播间等社交平台散布华通铂银现货交易，虚假宣传，夸大盈利，隐瞒风险，利诱投资者；
3. 虚假网站称其现货交易是一种无实物交割、无实体市场、无竞价机制、无物流、运输和仓储配套的虚拟零和交易，与现货交易本质不符
3. 投资项目：白银等金属现货业务
4. 投资方式：网上开户
5. http://www.pzhlx.com/的网站备案号（津ICP备13005816号），无法查到相关备案信息；http://www.jhsztl.com/jiamen/?18_1.html无网站备案号，也无法找到相关工商注册信息https://ts.voc.com.cn/question/view/528254.html；https://ts.voc.com.cn/question/view/553165.html；http://www.guanchengshi.com/show-7175-0.html；http://blog.sina.com.cn/s/blog_79aa54850102xbea.html"
489,畅贷网,82.38,2018-04-15,2018-01-10,"诉讼记录多；
",直接借贷,大,,金融业或类金融业,无,上海,上海,平台,网贷之家,17%,70%,3,0,20%,0,不详,9,90%,0,不详,1,0,1、收益率较高 2、诉讼记录：民事诉讼记录5条，内容多为借款未按时归还
146,大丰收金融,82.33,2018-04-15,2018-01-30,存在担保承诺；,null,小,网络借贷,无,提现困难,广东,深圳,平台,网贷之家,16%,70%,1,0,40%,5,60%,0,不详,0,不详,1,0,平台项目逾期率超60%
12645,创世资产管理,82.0,2018-04-15,2018-02-25,暂无,null,小,互联网资产管理,无,无,广东,广州,工司,数据库,不详,不详,3,0,20%,6,65%,0,不详,0,不详,1,0,诈骗
1342,e资产,80.84,2018-04-15,2018-01-30,暂无,直接借贷,小,网络众筹,,无,湖南,长沙,平台,网贷之家,16%,70%,3,16,70%,0,不详,0,不详,0,不详,1,0,存在诱导性宣传，收益率过高（历史收益率18%）
1865,蛙蛙在线,80.1429,2018-04-15,2018-01-10,"负面舆情多；
经营异常多；
",,不详,网络借贷,,提现困难,广东,深圳,平台,网贷之家,10%,20%,3,0,55%,37,90%,0,不详,1,85%,1,0,
1390,中潮金服,80.0,2018-04-15,2018-01-10,暂无,null,大,网络借贷,无,无,浙江,,平台,网贷之家,16%,70%,3,8,70%,11,75%,0,不详,0,不详,1,0,疑似发布一些虚假项目
306,聚金资本,79.5714,2018-04-15,2018-01-30,"负面舆情多；
经营异常多；
",null,小,网络借贷,无,无,河南,郑州,平台,网贷之家,13%,70%,3,20,75%,16,80%,0,不详,1,85%,1,0,涉嫌自融自保，但是出了澄清公告；网上舆论好，但是有雇佣水军的嫌疑
21372,天天付,79.5,2018-04-15,2018-01-30,暂无,,大,第三方支付,,无,上海,上海,工司,数据库,不详,不详,3,0,45%,5,60%,0,不详,0,不详,2,0,可能会有pos机支付诈骗的情况网站山寨，仿冒乐富，网站缺少必要信息，无第三方支付牌照。
13787,富祥微交易,79.0,2018-04-15,2018-01-30,"负面舆情多；
",投资理财,大,微盘,地方性交易场所,无,上海,上海,工司,数据库,不详,不详,3,23,75%,15,80%,0,不详,0,不详,1,0,"微交易一种通过微信操作的投资理财品种，与传统投资相比更加简单、灵活、方便；虚假宣传，新西兰注册金融服务提供商
监管号365446；高收益，最低10美元起投，30秒获取最高92%收益率；资金存管，网站宣称客户资金由第三方托管，但未公布存管银行名单；夸大宣传，首家颁受互联网双重认证，采用全球技术最领先的外汇理财软件"
126,潜隆贷,78.75,2018-04-15,2018-01-10,"负面舆情多；
收益率过高；
",,不详,网络借贷,,平台诈骗,四川,成都,平台,网贷之家,19%,80%,3,0,不详,0,85%,0,不详,0,不详,1,0,
22901,蒙顶山茶叶交易所,77.8571,2018-04-15,2018-01-30,"负面舆情多；
",,大,交易所,,无,四川,雅安,工司,数据库,不详,不详,3,7,75%,23,85%,0,不详,0,不详,2,0,高度疑似诈骗，负面舆情多大量负面舆情爆料称其为诈骗，同时有文章爆料称虽然介绍的为现货交易，但实际上为变相期货交易，而且遭到大量删帖，疑似公关行为
899,生菜金融,77.2857,2018-04-15,2018-01-30,"负面舆情多；
诉讼记录多；
煽动性广告多；
",无,小,网络借贷,无,无,上海,,平台,网贷之家,15%,65%,3,78,90%,14,80%,14,90%,0,不详,1,0,J管理混乱
27850,天津贵金属交易所,77.2857,2018-04-15,2018-03-18,"负面舆情多；
诉讼记录多；
煽动性广告多；
",,大,交易所,,无,天津,天津,工司,数据库,不详,不详,3,2,80%,14,80%,63,95%,0,不详,1,0,"1. 非法期货交易，交易品种包括白银、铂金、钯金、镍、铜、铝；
2. 投资者参与方式，网上或线下开户进行交易；
2. 有大量关于其诈骗的负面舆情，“​​​​平安天津？天津平安吗？被天津贵金属交易所金融诈骗27.84万元.什么时候帮我追回来我才认可平安天津？”“我发表了头条文章:《揭露曝光:天津贵金属交易所非法期货诈骗内幕第三集！》 http://t.cn/Rn9ge4N ​​​​​”，并且大量原始链接已无法打开，疑似被公关删除
3. 2017年11月，济南市历城区人民法院在一起现货平台投资纠纷中作出一审判决，认定天津贵金属交易所（“津贵所”）组织非法期货交易，裁定涉案全部交易无效，应赔偿原告投资者90万元；
4. 平台运营主体天津贵金属交易所有限公司有法律诉讼98条，法院公告5条，开庭公告6条，案由为合同纠纷33条、期货欺诈纠纷24条、名誉权纠纷10条、借款合同纠纷1条、服务合同纠纷4条、不当得利纠纷1条、委托理财合同纠纷5条、财产损害赔偿纠纷3条、房屋买卖合同纠纷3条、金融行政管理（金融）1条、民间借贷纠纷1条、网络购物合同纠纷2条、期货交易纠纷3条"
17054,返利魔方,77.0,2018-04-15,2018-03-18,"经营异常多；
",,大,门户导航,金融业或类金融业,"平台失联,平台失联",广东,深圳,工司,数据库,不详,不详,3,21,70%,6,65%,0,不详,1,85%,2,0,高额返利平台，已上报公安test
27908,信用钱包,77.0,2018-04-15,2018-01-30,"煽动性广告多；
",,小,网络借贷,金融业或类金融业,强制交易、违规催收,北京,北京,工司,数据库,不详,不详,3,165,90%,11,75%,0,不详,0,不详,1,0,http://www.p2pxing.com/article-3563-1.html（涉嫌强制交易）https://bbs.51credit.com/forum.php?mod=viewthread该平台涉嫌强制交易（违规放款），以及违规催收
17057,名校贷,76.7143,2018-04-15,2018-01-30,"负面舆情多；
诉讼记录多；
煽动性广告多；
经营异常多；
",null,小,互联网消费金融,无,无,上海,上海,工司,数据库,不详,不详,3,24,85%,24,85%,1,80%,1,85%,2,0,下放贷款过程中有多扣款、不放款的现象，被称诈骗，不过如今已停止借贷业务，并更名为名校贷公益
4708,OKEX,76.7143,2018-04-15,2018-01-31,"负面舆情多；
煽动性广告多；
",无,大,虚拟货币,无,无,辽宁,大连,工司,数据库,不详,不详,3,239,95%,20,85%,0,不详,0,不详,1,0,运营主体不明；数据造假；恶意拔网线造成投资者损失
25811,比特儿,76.5,2018-04-15,2018-01-30,"煽动性广告多；
",,大,交易所,,无,,,工司,数据库,不详,不详,3,116,90%,8,70%,0,不详,0,不详,2,0,IH 网站打不开bter.com网址无法打开，负面舆情多
3324,兴业投资,76.5,2018-04-15,2018-03-18,"诉讼记录多；
煽动性广告多；
",,小,网络外汇,金融业或类金融业,平台失联,北京,北京,工司,数据库,不详,不详,3,96,90%,10,75%,6,90%,0,不详,1,0,https://www.hycm.com/cn预警报告中的网站打开为“今日财经”，新网站为“https://www.hycm.com/cn”，该网站披露其主体为“兴业资本市场（英国）有限公司”，但该公司无法查到相关信息
295,金信网,76.1429,2018-04-15,2018-01-30,"诉讼记录多；
煽动性广告多；
经营异常多；
",,小,交易所,,无,北京,北京,平台,网贷之家,9%,15%,3,96,90%,10,75%,1,80%,1,85%,1,0,负面舆情多，与信和财富有牵连
21497,福建金雅商品交易中心,76.0,2018-04-15,2018-03-18,暂无,投资贵金属,大,交易所,租赁和商务服务业,无,福建,厦门,工司,数据库,不详,不详,3,0,不详,5,60%,0,不详,0,不详,2,0,"http://bbs.tianya.cn/post-no04-2712970-1.shtmlhttp://bbs.tianya.cn/post-no04-2712970-1.shtml负面舆情多，投资者爆料维权多1. 非法经营现货期货业务
2. 投资项目：现货期货诈骗，相关舆情显示该公司交易品种为银、沥青、铜、铂、镍
3. 投资者参与方式：网上开户
4. 有大量负面舆情，“福建金雅商品交易中心诈骗内幕”，“曝光福建金雅商品交易中心诈骗，黑幕”
5. 有2条经营异常，通过登记的住所或者经营场所无法联系的（2016-10-19），至今未移除；未依照《企业信息公示暂行条例》第八条规定的期限公示年度报告的（2015-07-15），与2015-09-11被移除
6. 1条法律诉讼，1条法院公告，案由为合同纠纷"
25857,聚币网,76.0,2018-04-15,2018-01-30,暂无,,大,交易所,,无,北京,北京,工司,数据库,不详,不详,3,6,75%,5,60%,0,不详,0,不详,2,0,虚拟币网站不符合国家规定且提现困难https://tieba.baidu.com/p/5326281997?red_tag=2936983698；https://m.wdzj.com/hjzs/ptsj/20180225/570225-1.html负面舆情多，投资者爆料维权多
5856,中盈网,75.0,2018-04-15,2018-01-30,"煽动性广告多；
",,小,交易所,,无,山东,青岛,工司,数据库,不详,不详,3,104,90%,9,75%,0,不详,0,不详,2,0,没有明确的关于收益率的集资行为，但从其业务来说，风险高，需要关注。不具备宣传的业务资质；过高的手续费；没有投资者保护机制；各种吹嘘各种忽悠
21443,坚果金服,75.0,2018-04-15,2018-04-08,暂无,,小,互联网消费金融,金融业或类金融业,违规催收,北京,北京,工司,数据库,不详,不详,3,5,60%,8,70%,0,不详,0,不详,1,0,http://www.ygcl999.com/ent/18923.htmlhttp://www.sohu.com/a/226200688_100053715涉嫌违规催收
5776,点佰趣,74.5,2018-04-15,2018-01-30,"煽动性广告多；
",null,大,第三方支付,无,无,江苏,,工司,数据库,不详,不详,3,55,85%,5,60%,0,不详,0,不详,1,0,第三方支付平台，涉嫌传销，线上套现
19075,金钥匙,74.5,2018-04-15,2018-01-30,"负面舆情多；
煽动性广告多；
",null,大,网络借贷,无,提现困难,福建,厦门,平台,网贷之家,不详,不详,3,247,95%,18,85%,0,不详,0,不详,1,0,投诉的人较多
11412,alpha,73.0,2018-04-15,2018-02-25,"煽动性广告多；
",,大,网络外汇,,无,上海,上海,工司,数据库,16%,5%,3,987,95%,0,不详,0,不详,0,不详,1,0,就网站内容来说，风险很大，非持牌经营。但监测页面中，收益率提取有噪音，经济学有alpha因子说，另外，舆情匹配中高亮显示部分并未包括Alpha等首字母大写或其他情况
1064,方林资本,72.5,2018-04-15,2018-01-30,暂无,涉嫌诈骗,大,门户导航,金融业或类金融业,终止运营,浙江,台州,平台,网贷之家,15%,65%,3,0,50%,5,60%,0,不详,0,不详,1,0,https://www.p2peye.com/thread-1960634-1-1.htmlhttps://www.p2peye.com/thread-1945766-1-1.html属于网络借贷，根据网贷天眼的信息，该平台涉嫌诈骗，已经清盘
5058,鲸亿金服,71.7857,2018-04-15,2018-01-30,"负面舆情多；
诉讼记录多；
煽动性广告多；
",null,大,互联网资产管理,null,null,上海,上海,工司,数据库,不详,不详,3,41,85%,32,90%,1,80%,0,不详,1,0,已经逮捕其公司负责人
5080,收款宝,71.5,2018-04-15,2018-01-30,"负面舆情多；
煽动性广告多；
",,小,第三方支付,,无,河南,郑州,工司,数据库,不详,不详,3,233,95%,19,85%,0,不详,0,不详,1,0,有仿冒网站嫌疑
23033,金雅商品交易中心,71.0,2018-04-15,2018-03-18,"诉讼记录多；
经营异常多；
",投资贵金属,大,交易所,租赁和商务服务业,无,福建,莆田,工司,数据库,不详,不详,3,0,20%,10,75%,1,80%,1,85%,2,0,"http://bbs.tianya.cn/post-no04-2712970-1.shtml；http://bbs.tianya.cn/post-free-5662776-1.shtml；http://bbs.tianya.cn/m/post-837-211224-1.shtml涉嫌诈骗，负面舆情多，投资者爆料维权多，1. 非法经营现货期货业务
2. 投资项目：现货期货诈骗，相关舆情显示该公司交易品种为银、沥青、铜、铂、镍
3. 投资者参与方式：网上开户
4. 有大量负面舆情，“福建金雅商品交易中心诈骗内幕”，“曝光福建金雅商品交易中心诈骗，黑幕”
5. 有2条经营异常，通过登记的住所或者经营场所无法联系的（2016-10-19），至今未移除；未依照《企业信息公示暂行条例》第八条规定的期限公示年度报告的（2015-07-15），与2015-09-11被移除
6. 1条法律诉讼，1条法院公告，案由为合同纠纷"
17712,青岛九州商品交易中心,71.0,2018-04-15,2018-01-30,"诉讼记录多；
经营异常多；
",,大,交易所,,无,山东,青岛,工司,数据库,不详,不详,3,0,30%,9,75%,26,95%,1,85%,1,0,http://bbs.tianya.cn/post-develop-2153265-1.shtml；http://www.cngold.com.cn/zjs/20160630d1897n74153361.html；http://blog.sina.com.cn/s/blog_12f19219d0102wmbk.html法律诉讼多，投资者爆料维权多，负面舆情多
277,你我贷,70.0,2018-04-15,2018-01-30,"负面舆情多；
诉讼记录多；
煽动性广告多；
",无,小,网络借贷,无,无,上海,上海,平台,网贷之家,10%,30%,3,254,95%,38,90%,4,90%,0,不详,1,0,爆料平台暴雷
1000,种子拼图,70.0,2018-04-15,2018-01-10,"负面舆情多；
诉讼记录多；
经营异常多；
",无,小,网络借贷,无,预警,广东,佛山,平台,网贷之家,12%,40%,3,1,不详,12,80%,1,80%,1,85%,1,0,爆料提现困难
15434,华人文化产权交易中心,70.0,2018-04-15,2018-04-01,"诉讼记录多；
经营异常多；
",,小,交易所,,无,湖南,长沙,工司,数据库,不详,不详,3,0,20%,7,70%,4,90%,1,85%,1,0,http://www.hnswht.gov.cn/comm_front/inc/ldxx_fore_view.jsp?id=32849法律诉讼较多，负面舆情较多，涉及投资者维权
23318,麦子金服,70.0,2018-04-15,2018-01-30,"负面舆情多；
煽动性广告多；
经营异常多；
",无,大,互联网资产管理,无,无,上海,上海,工司,数据库,不详,不详,3,71,90%,47,95%,0,不详,1,85%,1,0,HJ
2520,花生米富,69.65,2018-04-15,2018-01-10,"煽动性广告多；
",无,小,网络借贷,无,无,北京,北京,平台,网贷之家,15%,75%,3,179,90%,0,45%,0,不详,0,不详,1,0,爆料跑路，披露收益率14.62%
1196,好利网,68.3333,2018-04-15,2018-01-10,"诉讼记录多；
煽动性广告多；
",null,小,网络借贷,无,无,上海,上海,平台,网贷之家,9%,10%,3,205,90%,2,30%,2,85%,0,不详,1,0,无银行存管上线，风控信息不明晰
21130,海峡交易所,65.0,2018-04-15,2018-01-30,"诉讼记录多；
",商品投资及其他方式,大,交易所,其它服务业,无,江西,抚州,工司,数据库,不详,不详,3,0,30%,6,65%,13,90%,0,不详,2,0,"负面舆情多，投资者曝光维权多1. 负面舆情不断，交易所曾经上线“海峡油”、“海峡铜”等产品致使投资客蒙受巨额损失而遭到密集投诉，2017年10月9号中国经营报也曾报道过。
2. 海峡交易所旗下会员单位主要通过QQ等线上聊天工具发展潜在客户，先是指导股票操作为由获取信任，再以丰厚回报诱导投资人开户交易，投资现货原油等。
3. 涉嫌虚假宣传，称“比股票好，T+0交易，赚钱马上就能出，买涨买跌都可以，还有专业老师指导，肯定能赚钱。”https://news.p2peye.com/article-510454-1.html；https://club.kdnet.net/dispbbs.asp?id=11171653"
206,手投网,65.0,2018-04-15,2018-01-30,暂无,,不详,网络借贷,,终止运营,北京,北京,平台,网贷之家,14%,60%,3,21,75%,5,60%,0,不详,0,不详,1,0,
12997,九付,65.0,2018-04-15,2018-01-30,"煽动性广告多；
",,小,第三方支付,,无,上海,上海,工司,数据库,不详,不详,3,2,80%,7,70%,0,不详,0,不详,1,0,违规开展支付业务，九付无卡支付趋势2017年手机最赚钱项目（http://zhuan.jianzhi8.com/daili/183.html），上海九付科技有限公司携手微信与全国各大银行基于二维码为用户和商户提供没有卡付款系统，只需下载九付宝就可以完成收付款等，支持所有银行，并适用于所有消费场景。（https://www.zhihu.com/people/xi-xi-53-7/activities）
21791,八点网,63.75,2018-04-15,2018-01-30,暂无,众筹,小,网络众筹,,无,广东,中山,工司,数据库,15%,65%,3,0,75%,0,不详,0,不详,0,不详,1,0,业务模式存疑，以众筹买车平台代持的方式，利润来源不稳定。
18140,金德微交易,62.5,2018-04-15,2018-03-18,"诉讼记录多；
煽动性广告多；
",,大,交易所,,无,广东,,工司,数据库,不详,不详,3,154,90%,4,55%,8,90%,0,不详,1,0,负面舆情多，投资者曝光维权多，法律诉讼多
21421,长江联合金属交易中心,62.0,2018-04-15,2018-01-30,"诉讼记录多；
",,大,交易所,其它服务业,无,上海,上海,工司,数据库,不详,不详,3,0,20%,2,30%,19,90%,0,不详,3,0," 产品为原油，是国家禁止的，也爆出有其分公司已经跑路1. 有舆情称，该平台与167会员单位“上海万家金属有限公司”（以下简称167会员单位）串通一气进行网络诈骗，骗取大量网民，客户在不知情的情况下，向其指定的账号汇入一定数量的资金作为买卖的保证金进入其电子平台进行非法现货白银和原油交易。
2. 实质上从事的是一种风险极大的做市商的“赌博”游戏，没有实物交易，不符合交易所的业务特征。
3. 虚假宣传，称平台具备银行存管
4. 有舆情称搭建虚假平台、人为操纵指数涨跌,利用各种手段诱使投资者进入其电子平台与其会员进行非法交易负面舆情多，投资者曝光维权多"
3787,衡远投资,62.0,2018-04-15,2018-01-30,"诉讼记录多；
",投资理财,小,互联网资产管理,无,无,hk,,工司,数据库,不详,不详,3,0,不详,2,30%,1,80%,0,不详,2,0,1.工商信息缺失严重；2.平台隐蔽，找不到平台信息；3.舆情反映其无法提现负面舆情多
4124,赣通大宗商品交易中心,62.0,2018-04-15,2018-01-30,暂无,,大,交易所,,无,江西,萍乡,工司,数据库,不详,不详,3,0,30%,2,30%,0,不详,0,不详,2,0,有很多的相似的官方网站，以购买金属、原油产品为主http://www.yuejiege.com/news/1900.html本系统收录的网址信息错误，公司应为江西赣通商品有限公司，网址应为http://www.huaxiayin.cn/index.asp；负面舆情多，投资者维权多
6799,富华大宗商品交易中心,62.0,2018-04-15,2018-03-18,暂无,,大,交易所,,无,湖南,长沙,工司,数据库,不详,不详,3,0,不详,2,30%,0,不详,0,不详,1,0,1. 宣称银行托管，但并未显示具体银行信息，涉嫌虚假宣传2. 官网夸大宣传，“高杠杆 低投入高回报”、“零风险 无责任”3. 非法经营现货天然气、原油业务4. 投资者参与方式：网上开户5. 有曝光其诈骗的负面舆情，“曝光富华大宗商品交易中心诈骗曝光骗局”6. 未见工商异常
16228,禄宏微交易,62.0,2018-04-15,2018-01-30,暂无,,大,交易所,,无,广东,深圳,工司,数据库,不详,不详,3,8,55%,2,30%,0,不详,0,不详,1,0,https://tieba.baidu.com/p/4927930391?red_tag=2619369273本系统收录的信息出错，公司应为深圳市富欣网络技术有限公司，网址应为http://www.zhndl.com/；负面舆情较多，投资者曝光维权多
21517,新华上海贵金属交易中心,62.0,2018-04-15,2018-03-25,"诉讼记录多；
",,大,交易所,,无,上海,上海,工司,数据库,不详,不详,3,0,20%,2,30%,3,85%,0,不详,1,0,"平台网址应为http://www.xhshpm.com/；1. 业务中有违法微盘交易；
2. 宣称第三方银行存管，但并未公布具体银行名称，涉嫌虚假宣传
3. 舆情显示，该平台业务员以虚构事实隐瞒真相的手段开户做现货交易，称第一次入金30万就可以返手续费，但并未兑现，且投资者未见实物交割
4. 存在虚假或违法从事原油等大宗商品交易问题https://tieba.baidu.com/p/5277369737；http://www.iqiyi.com/w_19rwbyfvlp.htmlhttps://tieba.baidu.com/p/5277369737；"
24638,金凤凰,62.0,2018-04-15,2018-01-30,"煽动性广告多；
",无,大,互联网保险,无,无,北京,晋城,工司,数据库,不详,不详,3,161,90%,4,55%,0,不详,0,不详,1,0,无法找到网站，舆论多为跑路，骗局
28000,刚铎,62.0,2018-04-15,2018-04-15,暂无,,小,网络外汇,金融业或类金融业,"平台失联,平台失联",广东,深圳,工司,数据库,不详,不详,3,4,55%,2,30%,0,不详,0,不详,1,0,预警报告中的网站无法打开，且未找到其他网站，该网址为http://gondoe.com/
3018,云集品,60.2857,2018-04-15,2018-01-30,"负面舆情多；
煽动性广告多；
",无,小,,无,无,广东,深圳,工司,数据库,不详,不详,3,270,95%,40,90%,0,不详,0,不详,1,0,崩盘跑路在即
15504,3658商城,60.0,2018-04-15,2018-01-30,"煽动性广告多；
收益率过高；
",,大,非法集资,,???,山东,临沂,工司,数据库,11%,95%,3,718,95%,9,75%,0,不详,0,不详,2,0,"庞氏骗局，类似钱宝网1. 3658商城是一个集购物和分红为一体的网上购物商城，致力于推出商城系统、分店系统、分红系统、红筹系统、红金宝交易平台等线上项目；
2. 官网夸大宣传，“好货0元购，100%免单”、“参与立得 稳赚不赔”；
3. 高收益承诺，舆情爆料，一是3658商城吸收加盟者存款，收取费用后，承诺高额利息30%——50%，却不提供任何服务，后来无法兑付加盟者的本金与利息；二是商城此前有“红筹”板块，其产品为“红金宝”，此网站的红金宝与人民币的比值约为100：1，交100000红金宝（现金为1000元），第一个月奖励7%，一直递增到12%，六个月时间能得到57000红金宝的奖励（现金为570元），折合成年化收益为114%，存在收益率过高问题。该红筹板块于2018年春节假期后全面封闭并下架所有红筹项目；
4. 官网宣称近期拟上线巴哈马项目，考察团进行中，该项目称“扬速集团在巴哈马购置的两座海岛已经完成交易，目前已经进入开发设计阶段，公司已经聘请全球最顶级的设计团队——EDSA设计公司进行项目整体设计，项目总投资预计将达2亿美金，计划将其打造成加勒比海最优秀的度假海岛之一，并计划在北美创建第一家华人俱乐部，预计2018年底将分阶段启用。我们将于近期发布海岛开发计划和相关设计方案，并在北美注册成立一家海岛开发基金公司。海岛开发项目将使用www.7kf.com这一域名敬请留意后续公告。”；
5. 该平台运营主体另一备案网站进钱网，任务理财，夸大宣传“无需投资 天天赚钱”、“邀请好友参与，最高日赚10000元！赚钱先机，错过再无！”
6. 行政处罚1条，2018-03-26，临兰工商处字[2018]58号，超出核准登记的经营范围从事经营
7. 平台主体有12个备案网站，网上商城3家（https://www.3658mall.com/ 3658商城、http://www.i3658.com/ 山东扬速、http://www.jiwenti.com/ 众发商城），任务理财（https://www.jqian.com/）
8. 大量请求山东省公安厅查处和提现困难等负面舆情，“请求 山东省公安厅立即查处山东 临沂“扬速系（3658商城）”数十亿级特大 网络传销 非法集资平台”、“#3658商城提现困难请求帮助#3658提现困难，@临沂公安 @临沂经济网 这么大的事一点动静没有，只想拿回本金，一样临沂政府能协助调查，说好了放开提现但是都是骗人的”。"
539,蜂鸟金融,60.0,2018-04-15,2018-01-30,暂无,,小,网络借贷,,无,广东,深圳,平台,网贷之家,不详,不详,3,1,70%,5,60%,0,不详,0,不详,1,0,http://www.sohu.com/a/222640187_100038415；http://www.sohu.com/a/222078340_215212；http://qx.tynews.com.cn/c/2018-02/13/content_1699263.htm；https://news.p2peye.com/article-508723-1.html其他看不出什么异常，存在负面舆情，http://www.sohu.com/a/222640187_100038415，该舆情称根据知情人士爆料，蜂鸟金融平台上的理财产品缺乏监管许可和审核，有蜂鸟金融内部高层通过虚假标、错配等形式向用户进行非法集资，涉嫌金融欺诈； 非法募集来的资金，被内部高层转入个人账户，以线下贷款的形式和用户签署贷款协议，形成非法集资和放贷的利益链条，涉及金额超过5000万，涉及投资者超过200人
1864,吉盟财富,60.0,2018-04-15,2018-01-10,暂无,,不详,网络借贷,,,湖南,长沙,平台,网贷之家,10%,20%,3,25,75%,7,70%,0,不详,0,不详,1,0,
2603,狐小狸理财,60.0,2018-04-15,2018-01-30,"负面舆情多；
",无,小,网络借贷,无,无,陕西,西安,平台,网贷之家,不详,不详,3,1,70%,20,85%,0,不详,0,不详,1,0,爆料背景造假
20872,老虎外汇,60.0,2018-04-15,2018-03-18,"负面舆情多；
煽动性广告多；
",,大,网络外汇,,无,北京,北京,工司,数据库,不详,不详,3,45,85%,15,80%,0,不详,0,不详,1,0,非持牌外汇，未发现非法集资行为。预警报告中的网站打不开，新网站为https://www.tigerwit.com/cn/
21131,南京文化艺术产权交易所,60.0,2018-04-15,2018-03-18,"诉讼记录多；
",,大,交易所,,无,江苏,南京,工司,数据库,不详,不详,3,0,不详,5,60%,6,90%,0,不详,1,0,平台网址无法打开，南京文交所长期停盘；利用虚拟电子交易平台，诱导投资者高位接盘，涉及邮币卡非法交易，投资者曝光维权多，负面舆情严重https://tieba.baidu.com/p/5332233700；https://tieba.baidu.com/p/5060613404?red_tag=2731276989；
27827,财路通,60.0,2018-04-15,2018-01-30,暂无,无,大,,无,无,北京,朝阳,工司,数据库,不详,不详,3,2,70%,10,75%,0,不详,0,不详,1,0,ABJK 逾期，拖欠工资
19750,新祥贵微交易,58.5,2018-04-15,2018-04-15,"经营异常多；
",投资理财,大,微盘,地方性交易场所,无,湖南,长沙,工司,数据库,不详,不详,3,0,20%,2,30%,0,不详,1,85%,1,0,非法经营，二元期权微交易，投资燃料烃，生肖银，生肖铜，生肖铝，原油，茶油；投资者参与方式，关注微信公众号后，开户投资；通过登记的住所或者经营场所无法联系（2017-05-27），至今未移除
214,爱财在线,57.5,2018-04-15,2018-01-30,暂无,,小,网络借贷,,无,广东,广州,平台,网贷之家,13%,55%,3,34,75%,0,不详,0,不详,0,不详,1,0,http://www.imoney888.com/平台网址无法打开，显示为“本域名归爱财投资所属，敬请期待”；涉及三起法律诉讼，但本系统无记录
17258,51信用卡,57.5,2018-04-15,2018-01-30,"诉讼记录多；
煽动性广告多；
",,小,互联网消费金融,金融业或类金融业,行政处罚,浙江,杭州,工司,数据库,13%,55%,3,499,95%,2,30%,1,80%,0,不详,1,0,因利用合同格式条款侵害消费者合法权益https://www.tianyancha.com/company/790902454
21117,中江微盘,56.0,2018-04-15,2018-04-15,暂无,,大,微盘,,无,福建,福州,工司,数据库,不详,不详,3,0,40%,2,30%,0,不详,0,不详,1,0,"诈骗平台。4个网站名称，http://www.zhongjiang-weipan.com.cn/index.php(微盘，备案主体上海微迎企业管理咨询有限公司)，http://www.pos7.com/abou-us（未备案），http://www.guangliyigou.com/（购物返利，未备案），http://www.zjweipan.com/（购物返利，备案主体宁波市鄞州重创广告服务有限公司）。通过运营主体福州万信达通信技术有限公司的天眼查查询到的3个网站，万信达信息服务	www.aszz.cn
宣化时代平衡机厂	www.xhshidai.com.cn
.嘉祥成福养殖场		www.xmtgjd.com"
24435,首成网贷,55.0,2018-04-15,2018-02-25,暂无,null,小,网络借贷,无,无,北京,朝阳,工司,数据库,不详,不详,3,2,70%,4,55%,0,不详,0,不详,1,0,网上有新闻称其国资合作方失联、自身失信，但首成网贷后发表声明称不实
9079,融诺网,54.8571,2018-04-15,2018-04-01,"负面舆情多；
",,小,门户导航,金融业或类金融业,平台失联,广东,深圳,工司,数据库,不详,不详,3,10,60%,32,90%,0,不详,0,不详,1,0,平台官网无法打开
17099,新华产权交易所,54.0,2018-04-15,2018-03-25,暂无,,大,交易所,,无,福建,福州,工司,数据库,不详,不详,3,0,40%,4,55%,0,不详,0,不详,1,0,"https://www.douban.com/group/topic/88370777/；https://www.tianyancha.com/company/2319891105；http://bbs.tianya.cn/post-stocks-1680353-1.shtml’平台名称应该为掌心期权
1. 涉嫌无牌照开展场外期权业务，舆情显示标的资产为沪深证券交易所个股股票；
2. 投资者参与方式，通过APP“苹果版掌心期权交易软件”进行交易，网站显示该软件点击数678971次；
3. 夸大宣传，舆情中有“炒股票上保险 赚钱你拿走 亏损券商承担 全国招代理”、“掌心期权，低风险高收益！只要你对股票有
信心~！”等夸大宣传内容；
3. 经搜索，网站给出的咨询电话同时还是上海华通铂银交易市场、福建金雅商品交易市场（该平台已无法打开）等的咨询电话，有较大的联合诈骗的可能；
4. 工商信息显示，该平台运营主体福州市鼓楼区浩轩投资咨询有限公司公司状态为“吊销，未注销”状态；
5. 该平台运营主体福州市鼓楼区浩轩投资咨询有限公司公司有4个备案网站，www.zyspkh.com（权掌柜期权），www.zyspjyw.com（
打不开），www.fjhxj.com（掌心期权），www.hljzysp.com（中远商品交易所），三个网站内容风格一致"
21608,大金微交易,54.0,2018-04-15,2018-04-15,"收益率过高；
",,小,微盘,,无,江苏,南京,工司,数据库,不详,95%,3,13,75%,2,30%,0,不详,0,不详,1,0,http://fuben168.com官网已打不开，无从判断。暂观察，不报
4897,国际微交易,53.0,2018-04-15,2018-01-30,"负面舆情多；
诉讼记录多；
煽动性广告多；
收益率过高；
经营异常多；
","项目投资及其它方式,项目投资及其它方式",大,微盘,民间投融资类中介机构,无,广东,广州,工司,数据库,不详,95%,3,255,95%,72,95%,1,80%,1,85%,2,0,"1. 根据其网站无法判断其交易或投资的主要产品，业务操作需通过微信联系，不规范程度高
2. 工商信息显示该公司已注销，但网站仍在运用中
2. 宣传收益率畸高
3. 负面舆情5条，内容涉及平台骗局
4. 其宣称的ICP备案号经查并无备案记录
5. 其宣称的中国银行和农业银行第三方托管属虚假宣传
6. 投资项目：根据网站无法判断
7. 投资方式：业务操作需通过微信联系（扫描二维码或加微信yujiayoula）1. 根据其网站无法判断其交易或投资的主要产品，业务操作需通过微信联系，不规范程度高
2. 工商信息显示该公司已注销，但网站仍在运用中
2. 宣传收益率畸高
3. 负面舆情5条，内容涉及平台骗局
4. 其宣称的ICP备案号经查并无备案记录
5. 其宣称的中国银行和农业银行第三方托管属虚假宣传
6. 投资项目：根据网站无法判断
7. 投资方式：业务操作需通过微信联系（扫描二维码或加微信yujiayoula）"
2480,盛世典当,52.0,2018-04-15,2018-01-10,暂无,null,大,,无,无,福建,厦门,平台,网贷之家,不详,不详,3,0,20%,2,30%,0,不详,0,不详,1,0,爆料平台资金链断裂
6713,宝盛微交易,51.5,2018-04-15,2018-01-30,"负面舆情多；
收益率过高；
",,小,微盘,,无,hk,,工司,数据库,85%,95%,3,13,75%,15,80%,0,不详,0,不详,2,0,香港的一个公司，属于交易平台，存在较小的诈骗嫌疑香港企业，无工商信息。
2281,熊猫金库,51.0,2018-04-15,2018-01-10,"煽动性广告多；
经营异常多；
存在担保承诺；",无,小,网络借贷,无,无,广东,广州,平台,网贷之家,12%,40%,1,14,80%,1,不详,0,不详,1,85%,1,0,A
2133,小贷吧,50.0,2018-04-15,2018-01-10,暂无,无,不详,网络借贷,无,无,广东,广州,平台,网贷之家,12%,40%,3,1,60%,1,不详,0,不详,0,不详,2,0,test-checkedtest-stopLLLtest-resttest2
153,中网国投,50.0,2018-04-15,2018-01-30,暂无,无,小,互联网资产管理,,无,安徽,杭州,平台,网贷之家,9%,15%,3,21,70%,7,70%,0,不详,0,不详,1,0,平台网址无法打开；负面舆情多
437,靠谱鸟,50.0,2018-04-15,2018-01-10,暂无,无,小,网络借贷,无,预警,北京,北京,平台,网贷之家,不详,不详,3,2,60%,6,65%,0,不详,0,不详,1,0,爆料平台暴露投资人（大学生）隐私，前负责人失信被执行
1039,洋钱罐,50.0,2018-04-15,2018-01-10,"煽动性广告多；
",无,小,网络借贷,无,无,北京,北京,平台,网贷之家,12%,40%,3,48,85%,1,不详,0,不详,0,不详,1,0,J
1212,信广立诚贷,50.0,2018-04-15,2018-01-10,"负面舆情多；
煽动性广告多；
",无,小,网络借贷,无,无,北京,朝阳,平台,网贷之家,8%,10%,3,266,95%,67,95%,0,不详,0,不详,1,0,爆料疑似自融及涉嫌关联交易
2511,巨人理财,50.0,2018-04-15,2018-01-10,"煽动性广告多；
",无,小,网络借贷,无,无,上海,,平台,网贷之家,12%,40%,3,63,85%,10,75%,0,不详,0,不详,1,0,AC
9270,齐鲁商品,50.0,2018-04-15,2018-01-30,暂无,,小,交易所,,无,北京,北京,工司,数据库,不详,不详,3,0,45%,3,45%,0,不详,0,不详,1,0,https://v.qq.com/x/page/i0190wip1yi.html；http://news.hexun.com/2016-05-19/183952191.html平台名称和运营主体对不上https://v.qq.com/x/page/i0190wip1yi.html；https://club.kdnet.net/dispbbs.asp?id=12499128
14635,华夏融创,50.0,2018-04-15,2018-01-30,暂无,无,大,互联网资产管理,无,无,北京,朝阳,工司,数据库,不详,不详,3,0,55%,3,45%,0,不详,0,不详,1,0,疑似存在关联交易；利用旗下互联网金融平台多米金融为关联公司输送利益，间接涉嫌自融。
15071,英皇金融国际,50.0,2018-04-15,2018-04-08,"煽动性广告多；
",,大,交易所,,无,hk,,工司,数据库,不详,不详,3,48,85%,4,55%,0,不详,0,不详,1,0,"平台运营主体应为广州英皇商品信息咨询有限公司
1）MT4交易平台，炒外汇贵金属期货，两大黄金产品（黄金欧元、黄金澳元），原油现货产品，外汇（美元、离岸人民币）
2. 夸大宣传，全球备受推崇的主流交易平台，MT4交易平台
3. 投资者参与方式，网上投资开户
4. 资金未存管
5. 资质认证存疑，中金在线 2015年度财经排行榜、财经博客排行榜颁奖盛典「值得信赖黄金投资公司」；和讯网 「第十三届财经风云榜黄金行业颁奖典礼」暨「2015黄金年会」「2015最佳黄金交易平台企业」；2014东周刊大中华「优秀品牌大奖」；2013东周刊「杰出企业策略大奖」；2016投资理财博览会（中国广州）「最值得信赖贵金属投资公司」
6. 经营异常1条，2018-04-02，通过登记住所无法联系，依据《企业经营异常名录管理暂行办法》第四条拟列入经营异常名录，并向社会公示，至今未移除
7. 有曝光其骗局的负面舆情，“爆料：英皇金融国际是实施诈骗黑平台，目前逍遥法外、继续诈骗、无比张狂！”、“《真实案例：英皇金融国际炒黄金骗局大揭秘！》“我是被“英皇金融国际有限公司”诈骗的。”https://tieba.baidu.com/p/5517909119?red_tag=1513605163"
15498,集趣,50.0,2018-04-15,2018-01-30,暂无,,大,非法集资,,无,浙江,杭州,工司,数据库,12%,40%,3,15,65%,0,不详,0,不详,0,不详,1,0,游戏理财
16195,大连贵金属交易中心,50.0,2018-04-15,2018-03-18,"诉讼记录多；
",,大,交易所,,无,辽宁,大连,工司,数据库,不详,不详,3,0,20%,3,45%,11,90%,0,不详,1,0,http://bbs.tianya.cn/post-develop-2206542-1.shtml；https://ts.voc.com.cn/question/view/486801.html负面舆情多，投资者曝光维权多，法律诉讼多，
19222,四川川商商品交易中心,50.0,2018-04-15,2018-02-04,暂无,,小,交易所,,无,四川,成都,工司,数据库,不详,不详,3,0,20%,6,65%,0,不详,0,不详,1,0,"http://bbs.tianya.cn/post-stocks-1734837-1.shtml；https://ts.voc.com.cn/question/view/395119.html平台网址页面粗糙，法律诉讼多，负面舆情多，投资者曝光维权多
已跳转其它网页"
23034,东南大宗商品交易中心,50.0,2018-04-15,2018-04-01,"诉讼记录多；
经营异常多；
",,大,交易所,,网页无法访问,福建,泉州,工司,数据库,不详,不详,3,0,35%,3,45%,17,90%,1,85%,1,0,http://blog.sina.com.cn/s/blog_af1d50da0102xfif.html平台网址无法打开，法律诉讼多达89起，负面舆情多，投资者曝光维权多，经营异常多
7518,创利丰,96.0,2018-04-08,2018-01-30,"负面舆情多；
煽动性广告多；
",商品投资及其他方式,大,交易所,金融业或类金融业,无,hk,,工司,数据库,不详,不详,3,207,90%,176,95%,0,不详,0,不详,2,0,"运营主体应为沈阳市和平区鸿雁婚纱艺术影楼
1. 声称属于香港金银业贸易场，但其ICP备案信息显示，该网站域名属于沈阳市和平区鸿雁婚纱艺术影楼，是一家已经注销的工商主体。
2. 有舆情显示，该平台曾打着公益与为股民谋福利的愰子，把投资者一步步的骗入了有预谋的、有组织的（老师、组长、主播、托、开户人员）诈骗中；诈骗犯与代理商跟平台勾结制造出虚假的交易信息；第三方支付机构为他们提供支付结算通道、假证据糊弄受害人员，谋财害命。
1. 声称属于香港金银业贸易场，但其ICP备案信息显示，该网站域名属于沈阳市和平区鸿雁婚纱艺术影楼，是一家已经注销的工商主体。
2. 有舆情显示，该平台曾打着公益与为股民谋福利的愰子，把投资者一步步的骗入了有预谋的、有组织的（老师、组长、主播、托、开户人员）诈骗中；诈骗犯与代理商跟平台勾结制造出虚假的交易信息；第三方支付机构为他们提供支付结算通道、假证据糊弄受害人员，谋财害命。"
22339,银天下,96.0,2018-04-08,2018-01-30,"负面舆情多；
",无,大,交易所,,无,上海,上海,工司,数据库,不详,不详,3,44,55%,427,95%,0,不详,0,不详,2,0,期货平台：违规操作，虚假宣传http://www.cngold.com.cn/zjs/20170804d1898n167448244.html；https://tieba.baidu.com/p/5402543804?red_tag=1687979903；http://blog.sina.com.cn/s/blog_17b46fc200102x5ar.html；https://www.ysslc.com/caijing/xinwen/436027.html’银天下更名为金兜财富，平台网址却为期当家；负面舆情多，投资者控诉爆料
25829,智付,92.6923,2018-04-08,2018-01-30,"负面舆情多；
诉讼记录多；
煽动性广告多；
",,大,第三方支付,,无,广东,深圳,工司,数据库,不详,不详,3,140,90%,71,90%,8,90%,0,不详,1,0,非持牌开展第三方支付业务
14423,贵州云上大宗商品现货交易中心有限公司,91.9231,2018-04-08,2018-01-30,暂无,无,大,交易所,,无,贵州,黔南,工司,数据库,不详,不详,3,23,不详,55,不详,0,不详,0,不详,2,0,非法从事期货交易；非法占有投资者资金https://tieba.baidu.com/p/5446823451?red_tag=2193597133；https://ts.voc.com.cn/question/view/530901.html平台网址跳转为博彩；负面舆情多，投资者投诉爆料；2018年3月法律诉讼
1983,金投手,91.9231,2018-04-08,2018-01-10,"负面舆情多；
",,不详,"互联网资产管理,网络借贷",,提现困难,北京,北京,平台,网贷之家,5%,不详,3,143,60%,137,80%,0,不详,0,不详,1,0,
21110,金盛微交易,90.0,2018-04-08,2018-01-30,"负面舆情多；
煽动性广告多；
",无,大,微盘,无,无,广东,深圳,工司,数据库,不详,不详,3,130,80%,54,85%,0,不详,0,不详,2,0,"网址www.aosso.com已打不开，通过百度搜索找到http://www.ggpays.cn/，该网站内容与www.aosso.com宣传基本一样。夸大宣传，超高收益。金盛微交易,最完善的微交易平台,金盛环球金融集团旗下品牌,40,000,000名投资者追随,支持微信支付入金,微信一键出金,账户互通,一键登录平台,30s盈利,93%至高收益。能够进行多种国外市场金融产品交易，其自身没有资质"
2397,盛融在线,87.0769,2018-04-08,2018-01-10,"负面舆情多；
经营异常多；
",,不详,门户导航,,提现困难,广东,广州,平台,网贷之家,不详,不详,3,1,40%,15,80%,0,不详,1,85%,1,0,
28441,雍铄金融,85.6154,2018-04-08,2018-01-30,暂无,投资理财,大,,金融业或类金融业,无,,,平台,网贷之家,不详,不详,3,15,30%,22,45%,0,不详,0,不详,1,0,舆情中反映雍铄金融提现困难，已经清盘，是诈骗平台，且官网已无法打开
7403,中汇国际,83.9375,2018-04-08,2018-01-30,暂无,null,大,互联网期货,无,无,,,工司,数据库,不详,不详,3,40,55%,14,75%,0,不详,0,不详,1,0,以帮投资者炒作外汇的方法圈钱；黑平台；现似用命“星汇国际”
931,投融家,83.0769,2018-04-08,2018-01-10,"诉讼记录多；
煽动性广告多；
",,大,"网络借贷,互联网资产管理",,无,浙江,杭州,平台,网贷之家,10%,30%,3,330,95%,35,65%,1,80%,0,不详,1,0,"1. 负面舆情反映投融长富平台涉嫌自融：《投融长富系平台问题多多：高管团队股权退出、可能涉嫌自融》；
2. 投融长富旗下公司大肆发布私募基金，其私募基金流入金银猫股东子公司，另一基金担保方是臭名昭著的和平系旗下中和世纪贸易发展中心，且长富理财严重涉嫌自融，相关标的基础资产融资方高度疑似中和世纪贸易发展中心"
300,鑫合汇,81.1538,2018-04-08,2018-01-30,"诉讼记录多；
煽动性广告多；
",无,小,"网络借贷,互联网资产管理",无,无,浙江,杭州,平台,网贷之家,10%,20%,3,181,80%,49,60%,28,95%,0,不详,1,0,资产不透明
27825,中银消费金融,80.3846,2018-04-08,2018-01-30,"负面舆情多；
诉讼记录多；
",,小,"互联网消费金融,网络借贷",,涉及多次诉讼,上海,上海,工司,数据库,不详,不详,3,59,70%,27,90%,100,95%,0,不详,1,0,https://www.tianyancha.com/company/750367283平台多达五千条涉诉信息，主要是与借款人之间的纠纷，平台的风控及资金安全可能存在一定风险
6400,日发期货,80.0,2018-04-08,2018-01-30,暂无,"无,无,无,无,无",小,"交易所,互联网期货",,无,hk,,工司,数据库,不详,不详,3,149,65%,29,70%,0,不详,0,不详,1,0,平台网址无法打开；负面舆情较多
23992,航金所,79.3462,2018-04-08,2018-01-30,暂无,无,大,网络借贷,无,提现困难,湖南,长沙,平台,网贷之家,不详,不详,3,3,不详,34,30%,0,不详,0,不详,1,0,G 停业判罚
27084,富民投资,78.8462,2018-04-08,2018-01-30,"负面舆情多；
",无,小,网络借贷,无,无,河南,郑州,工司,数据库,10%,20%,3,42,60%,29,85%,0,不详,0,不详,1,0,H
14324,磐期宝,77.4615,2018-04-08,2018-01-30,"负面舆情多；
",,不详,互联网资产管理,,,上海,,工司,数据库,不详,不详,3,53,45%,31,90%,0,不详,0,不详,1,0,test
14985,投融长富,77.3077,2018-04-08,2018-01-30,"诉讼记录多；
煽动性广告多；
",,大,互联网资产管理,,无,浙江,杭州,工司,数据库,不详,不详,3,297,90%,30,30%,1,80%,0,不详,1,0,1. 负面舆情反映投融长富平台涉嫌自融：《投融长富系平台问题多多：高管团队股权退出、可能涉嫌自融》；2. 投融长富旗下公司大肆发布私募基金，其私募基金流入金银猫股东子公司，另一基金担保方是臭名昭著的和平系旗下中和世纪贸易发展中心，且长富理财严重涉嫌自融，相关标的基础资产融资方高度疑似中和世纪贸易发展中心
14718,中科金服,76.9231,2018-04-08,2018-01-30,暂无,"无,无,无,无,无",大,"交易所,互联网资产管理,网络借贷",,无,上海,,工司,数据库,不详,不详,3,37,不详,20,60%,0,不详,0,不详,1,0,https://tieba.baidu.com/p/5006801819?red_tag=2085946878；https://www.wdzj.com/hjzs/ptsj/20171223/349950-1.html；http://news.hexun.com/2017-04-12/188813874.html；https://bbs.wdzj.com/thread-1121624-1-1.html负面舆情多，平台已停业
9800,美借,76.125,2018-04-08,2018-01-30,暂无,null,小,网络借贷,无,无,天津,天津,工司,数据库,不详,不详,3,49,60%,14,70%,0,不详,0,不详,1,0,国美金融旗下借贷平台，恶意催收
15046,长江联合,75.5,2018-04-08,2018-01-30,"负面舆情多；
",无,大,互联网证券,无,无,上海,上海,工司,数据库,不详,不详,3,33,30%,172,95%,0,不详,0,不详,1,0,A
7668,黔都云商,75.3846,2018-04-08,2018-01-30,暂无,"无,无,无,无,无",小,"交易所,微盘",,无,贵州,遵义,工司,数据库,不详,不详,3,51,30%,14,55%,0,不详,0,不详,2,0,1.频繁更换投资信息：投资人信息变更（包括投资人、出资额、出资方式、出资日期、投资人名称等)；2.收取高额佣金；  3.诈骗，欺骗新手行情即将变好，促使其投入更多钱；  4.根据我国相关法律法规，该公司无权经营期货交易https://www.zhihu.com/question/62990219/answer/209112270；https://tieba.baidu.com/p/5264926113?red_tag=2803890273；https://tieba.baidu.com/p/5235880215?red_tag=2855322611；负面舆情多；本系统录入的官网平台有误，正确为http://www.zjsjs.com/
13281,湖南华夏商品交易市场有限公司,75.3846,2018-04-08,2018-03-18,"诉讼记录多；
经营异常多；
",现货交易平台,大,交易所,地方性商品交易所,无,湖南,长沙,工司,数据库,不详,不详,3,0,不详,13,不详,15,90%,1,85%,2,0,"http://www.sohu.com/a/126123131_539002；http://blog.sina.com.cn/s/blog_17b28099d0102wsu0.html；https://www.zhihu.com/pin/8666889983435939841. 称从事茶叶现货交易，现已停止交易业务
2.诉讼记录和负面舆情较多，代表性舆情包括《湖南华夏商品交易市场还我血汗钱》、《湖南华夏商品交易市场有限公司存在诈骗骗局》和《湖南华夏商品交易市场有限公司现货诈骗受害者苦不堪言》等
3. 投资项目：茶叶现货
4. 投资方式：下载客户端，进行申购操作
5. 有1条经营异常，通过登记的住所或经营场所无法取得联系（2017年4月18日），于2017年8月30日移除
6. 有法律诉讼21条，法院公告4条，开庭公告1条，案由为合同纠纷12条、股权转让纠纷8条、期货交易纠纷1条
7. 被执行人1条，执行标的800000，长沙市芙蓉区人民法院，(2018)湘0102执1368号1. 称从事茶叶现货交易，现已停止交易业务
2.诉讼记录和负面舆情较多，代表性舆情包括《湖南华夏商品交易市场还我血汗钱》、《湖南华夏商品交易市场有限公司存在诈骗骗局》和《湖南华夏商品交易市场有限公司现货诈骗受害者苦不堪言》等
3. 投资项目：茶叶现货
4. 投资方式：下载客户端，进行申购操作
5. 有1条经营异常，通过登记的住所或经营场所无法取得联系（2017年4月18日），于2017年8月30日移除
6. 有法律诉讼21条，法院公告4条，开庭公告1条，案由为合同纠纷12条、股权转让纠纷8条、期货交易纠纷1条
7. 被执行人1条，执行标的800000，长沙市芙蓉区人民法院，(2018)湘0102执1368号"
2175,春嘉金服,75.3846,2018-04-08,2018-01-10,暂无,,不详,网络借贷,,预警,江苏,南京,平台,网贷之家,不详,不详,3,4,30%,19,75%,0,不详,0,不详,1,0,
27725,齐鲁商品交易中心,75.0,2018-04-08,2018-01-30,暂无,现货交易平台,大,交易所,金融业或类金融业,无,山东,青岛,工司,数据库,不详,不详,3,2,不详,11,不详,0,不详,0,不详,2,0,"舆情中显示众多投资者认为“齐鲁商品交易中心”为诈骗平台，并不具备其所宣称的交易资质。http://blog.sina.com.cn/s/blog_17aace3ca0102x01x.html；https://club.kdnet.net/dispbbs.asp?id=124991281. 非法经营现货大宗商品交易，现货原油白银
2. 平台采用对赌方式，交易所旗下会员单位主要通过QQ等线上聊天工具发展潜在客户，以丰厚回报诱导投资人开户交易，通过操纵虚拟盘实施诈骗；
3. 315曝光平台诈骗，有大量揭露青岛齐鲁商品交易中心现货原油骗局的负面舆情，“齐鲁平台猛似虎，诈骗老百姓的血汗钱？”、“实名举报青岛齐鲁商品交易中心诈骗，青岛市南区公安机关不受理，不作为！”
4. 经营异常1条，2016-12-15，公示企业信息隐瞒真实情况、弄虚作假的，2016-12-23移除5. 法律诉讼52条，法院公告4条，开庭公告7条，案由合同纠纷24条，期货交易纠纷3条，财产损害赔偿纠纷9条，委托理财合同纠纷1条，网络侵权责任纠纷1条等
6. 山寨网站很多，网站名称都叫齐鲁商品交易中心，http://www.qiluce.com/index.php/qyjj（备案主体青岛齐鲁商品交易中心有限公司，网站长期未更新），http://www.qlbhjz.com/gywm/qyjj/（海南青龙房地产开发有限公司 ），http://www.qilushangpin.com/index.html（未备案）"
25683,元宝币,74.5,2018-04-08,2018-03-18,暂无,"无,无,无,无,无",小,"虚拟货币,交易所",,无,北京,朝阳,工司,数据库,不详,不详,3,3,不详,4,不详,0,不详,0,不详,1,0,https://tieba.baidu.com/p/5325086603?red_tag=1176073856负面舆情较多
27884,有贝,73.5,2018-04-08,2018-01-30,"煽动性广告多；
",无,小,互联网消费金融,无,无,浙江,杭州,工司,数据库,不详,不详,3,147,80%,5,55%,0,不详,0,不详,1,0,I APP下架，官网http://www.uubee.com/index.html没有平台入口，可能公司已经倒闭
22323,杭州叁点零易货交易所,71.875,2018-04-08,2018-01-30,"诉讼记录多；
",,大,交易所,,无,浙江,杭州,工司,数据库,不详,不详,3,5,不详,11,不详,2,85%,0,不详,1,0,平台网址无法打开；负面舆情多，出现投资者举报维权http://bbs.tianya.cn/post-free-5611946-1.shtml；http://blog.sina.com.cn/s/blog_130028f520102xt7f.html；http://blog.sina.com.cn/s/blog_18023a57a0102xck8.html
20936,上海长江联合金属交易中心,69.6923,2018-04-08,2018-01-30,暂无,,大,交易所,,无,江苏,苏州,工司,数据库,不详,不详,3,2,不详,12,75%,0,不详,0,不详,2,0,涉嫌诈骗，违规操作上海长江联合金属交易中心有限公司涉嫌诈骗，投资者举报维权，法律诉讼多；本系统机构与平台对应错误
10501,南商所,68.75,2018-04-08,2018-03-18,暂无,,小,交易所,,无,广西,南宁,工司,数据库,不详,不详,3,4,不详,18,45%,0,不详,0,不详,1,0,法律诉讼多，投资者举报维权多，负面舆情多
5619,指南针商品交易市场,65.625,2018-04-08,2018-03-18,暂无,商品投资及其他方式,大,交易所,租赁和商务服务业,无,江苏,苏州,工司,数据库,不详,不详,3,5,不详,8,不详,0,不详,0,不详,1,0,"1. 网站宣称的成立时间与注册资本等工商信息与在工商部分登记的不符，涉嫌仿冒正规网站贵州遵义指南针商品交易有限责任公司（简称“贵州指南针”）；
2. 有舆情显示，投资者会被拉到QQ或微信群中，宣称有可以赚3倍的项目，还缺少部分资金，投资者可以跟投
3. 交易市场内部人员涉嫌雇佣的操盘手，营造交易品种下跌和上涨假象，直至买入者被套损失惨重
4. 投资项目为部分商品特别是农副产品的期货和现货交易。涉嫌不具备期货交易资格，却诱骗投资者交易"
27162,信和财富,62.5,2018-04-08,2018-01-30,"负面舆情多；
",无,大,N,无,无,北京,北京,工司,数据库,不详,不详,3,32,75%,53,90%,0,不详,0,不详,2,0,曾两度被列入经营异常 被点名涉嫌非法集资　　公开资料显示，信和财富隶属于“信和财富投资管理（北京）有限公司”，公司成立于2012年3月28日，注册资本1亿元，法人代表王杨，股东分别为夏靖和信和迅捷办公服务（北京）有限公司，其中夏靖持股99.5%。　　信和财富曾大肆广告宣传，在央视、美国时代广场均有投放投，据媒体报道，团队规模从2013年的4000多人发展到2015年的30000多人，覆盖全国的门店从2013年的100多家发展到2015年的1000多家。2015年，信和财富撮合交易量有400亿。 过去信和财富投资管理（北京）有限公司曾两度被列入经营异常名录。2015年8月19日，信和财富因通过登记的住所或者经营场所无法取得联系被列入异常经营，同年9月29日，其依法办理住所或者经营场所的变更登记被移出异常经营；2016年6月20日，信和财富因公示信息隐瞒真实情况、弄虚作假再次被列入异常经营，同年7月4日更正公示的信息被移出异常经营名录。过去信和财富投资管理（北京）有限公司曾两度被列入经营异常名录。2015年8月19日，信和财富因“通过登记的住所或者经营场所无法取得联系”被列入异常经营，同年逾期，涉嫌犯罪，工商局无法联系，认为其弄虚作假，诉讼记录多
7379,金盛金融,62.5,2018-04-08,2018-03-18,"煽动性广告多；
",,小,交易所,,无,湖北,武汉,工司,数据库,不详,不详,3,272,85%,7,不详,0,不详,0,不详,1,0,涉嫌盗用国外平台，存在负面舆情
23403,付临门,62.5,2018-04-08,2018-01-30,"煽动性广告多；
存在担保承诺；",第三方支付,小,第三方支付,金融业或类金融业,无,上海,上海,工司,数据库,不详,不详,2,291,90%,17,65%,0,不详,0,不详,1,0,存在虚假商户
17291,大连再生资源交易所有限公司,62.0,2018-04-08,2018-04-01,"诉讼记录多；
",投资理财,大,交易所,地方性交易场所,无,辽宁,大连,工司,数据库,不详,不详,3,1,不详,2,不详,9,90%,0,不详,2,0,"负面舆情多1.该企业网站涉嫌仿冒中国供销集团下属大连再生资源交易所网站；
2.从事国家明令禁止的微盘交易；未取得政府合法许可，实质上是利用虚拟资金在电子盘内进行的对赌；其交易机制符合做市商机制特征，交易本质是非法期货交易；
3. 有负面舆情，“曝光大连再生资源骗局”，该舆情显示存在业务人员在QQ群里以高利诱惑进行宣传，诱骗投资者开户；
4.投资项目，会员企业可以通过现货挂牌交易系统上市交易约定内容的再生资源、中药材、农副产品商品；
5.投资者参与方式，开设实盘账户，参与期货交易、交收、结算和商品融资等；
6.该公司有法律诉讼9条，法院公告7条，开庭公告4条，案由为期货交易纠纷3条，买卖合同纠纷，合同纠纷，网络购物合同纠纷，财产损害赔偿纠纷等。"
14117,艾尔发币,62.0,2018-04-08,2018-01-30,暂无,虚假数字货币投资理财,大,虚拟货币,金融业或类金融业,涉嫌传销,河北,石家庄,工司,数据库,不详,不详,3,0,30%,2,30%,0,不详,0,不详,1,0,https://weibo.com/p/230418e86dfa390102xa5ghttps://tieba.baidu.com/p/5149087562?red_tag=2731421456http://toutiao.manqian.cn/wz_9p5BSDxf6r.htmlhttp://blog.sina.com.cn/s/blog_b93300a60102wvzn.html艾尔发币宣称2011年由韩国、英国、美国、俄罗斯技术团队研发，去中心化，具有安全高收益的特点，其动态和静态的收益模式类似拆分盘模式，涉嫌传销，有很高的非法集资风险
21136,吉林农产品交易中心,62.0,2018-04-08,2018-03-18,暂无,,小,"交易所,微盘",,无,吉林,吉林,工司,数据库,不详,不详,3,1,不详,2,不详,0,不详,0,不详,1,0,https://tieba.baidu.com/p/4934558184?red_tag=0421292249；http://blog.sina.com.cn/s/blog_17f90d0570102xlq1.html；http://www.greenxinan.com/2553.html；http://china.findlaw.cn/ask/question_37763372.html法律诉讼多，投资者举报维权多
16309,乾圆大通,61.0,2018-04-08,2018-04-08,"诉讼记录多；
",,小,"互联网期货,交易所",,无,江苏,无锡,工司,数据库,不详,不详,3,2,不详,2,30%,1,80%,0,不详,1,0,http://bbs.tianya.cn/post-funinfo-7595348-1.shtml；http://bbs.tianya.cn/post-free-5697128-1.shtml存在投资者举报维权
12886,金狐外汇,60.5,2018-04-08,2018-03-18,暂无,,大,网络外汇,,无,上海,上海,工司,数据库,不详,不详,3,59,不详,2,不详,0,不详,0,不详,1,0,外汇论坛，但可以投资，虽无其他风险，但非集可能性很大
8066,辽宁盈盛商品交易中心,59.375,2018-04-08,2018-03-18,暂无,,大,交易所,,无,辽宁,沈阳,工司,数据库,不详,不详,3,3,不详,6,30%,0,不详,0,不详,1,0,http://bbs.tianya.cn/post-develop-2203446-1.shtml；https://www.zhihu.com/question/56100272/answer/359298101平台网址无法打开，投资者举报维权多
17568,财神在线,59.375,2018-04-08,2018-02-25,暂无,null,小,网络借贷,无,提现困难,重庆,重庆,工司,数据库,不详,不详,3,18,55%,6,不详,0,不详,0,不详,1,0,可能在集资一定数量后携款跑路
25656,云币网,59.375,2018-04-08,2018-03-18,暂无,,小,"交易所,虚拟货币",,无,北京,北京,工司,数据库,不详,不详,3,39,55%,10,45%,0,不详,0,不详,1,0,https://tieba.baidu.com/p/5307238891；https://club.domain.cn/forum.php?mod=viewthread平台网址无法打开，投资者举报维权多
4079,USG,57.5,2018-04-08,2018-01-31,"煽动性广告多；
",,小,网络外汇,金融业或类金融业,非持牌、涉嫌欺诈,北京,北京,工司,数据库,不详,不详,3,828,95%,4,不详,0,不详,0,不详,1,0,http://tieba.baidu.com/p/5245191831该平台未获牌照，且投资人的爆料比较多，该平台涉嫌恶意爆仓，欺诈投资者
4074,杉德哆啦云,56.25,2018-04-08,2018-01-30,"负面舆情多；
诉讼记录多；
煽动性广告多；
",,小,第三方支付,,无,上海,上海,工司,数据库,不详,不详,3,543,95%,17,80%,1,80%,0,不详,1,0,系统给出的网站为杉德招财猫，非杉德多拉云，可能为仿冒的山寨诈骗网站。
17335,上海文化产权交易所,56.25,2018-04-08,2018-03-18,暂无,,小,交易所,,无,上海,上海,工司,数据库,不详,不详,3,7,20%,5,不详,0,不详,0,不详,1,0,负面舆情较多
25775,易宝支付,56.25,2018-04-08,2018-03-18,"诉讼记录多；
煽动性广告多；
",,小,第三方支付,,无,北京,北京,工司,数据库,不详,不详,3,473,95%,9,60%,32,95%,0,不详,1,0,较多负面舆情
26052,聚天下,56.25,2018-04-08,2018-04-08,"煽动性广告多；
",众筹,小,"网络借贷,网络众筹",制造业,无,四川,成都,工司,数据库,不详,不详,3,218,80%,5,不详,0,不详,0,不详,1,0,车辆买卖众筹，业务模式存疑，保底收益10%，无稳定收益
12369,路易泽,53.125,2018-04-08,2018-03-18,暂无,,小,互联网证券,,无,广东,深圳,工司,数据库,不详,不详,3,2,20%,8,45%,0,不详,0,不详,1,0,涉嫌通过配资软件集资诈骗
13462,御楠居易购,53.125,2018-04-08,2018-03-18,暂无,,大,"微盘,交易所",,无,上海,上海,工司,数据库,不详,不详,3,18,35%,4,不详,0,不详,0,不详,1,0,https://www.zhihu.com/question/59922817；http://tieba.baidu.com/p/5118127185?red_tag=e1390136989；http://www.110.com/ask/question-11368982.html；http://blog.sina.com.cn/s/blog_17afb8a9d0102xvlx.html；https://tieba.baidu.com/p/5166205717?red_tag=1533140803；负面舆情多，投资者曝光维权多，平台网址无法打开
17195,中进云交易,53.125,2018-04-08,2018-04-01,暂无,,小,交易所,,无,贵州,遵义,工司,数据库,不详,不详,3,10,20%,4,不详,0,不详,0,不详,1,0,https://tieba.baidu.com/p/4871035052本系统录入的信息有误，存在中进云交易所和贵州中进大宗商品交易中心两家平台网址，分别为http://fan1230.zendang.com/contact/和http://www.zjsjs.com/，前者无公司信息，后者为贵州中进大宗商品交易中心有限公司；前者存在负面舆情如上链接
24816,人人投,53.125,2018-04-08,2018-03-18,"诉讼记录多；
",众筹,小,网络众筹,,无,北京,北京,工司,数据库,不详,不详,3,12,40%,5,不详,60,95%,0,不详,1,0,部分项目亏损严重，存在诱导性宣传
7341,江西合晟商品交易中心,50.0625,2018-04-08,2018-01-30,暂无,,大,交易所,,无,河北,石家庄,工司,数据库,不详,不详,3,1,不详,4,不详,0,不详,0,不详,1,0,http://www.spdcjj.com/；http://www.yongjyin.cn/index.asp；盗用其他网站备案IP，出现多个网址如上链接，公司信息错误，无法找到其对应公司，域名为spdcjj.com对应的公司为北京尚品大诚贸易有限公司，经营范围不符合；平台业务涉及贵金属现货交易，风险较大
445,速溶360,50.0,2018-04-08,2018-01-10,暂无,无,小,网络借贷,无,无,上海,上海,平台,网贷之家,不详,不详,3,21,50%,4,不详,0,不详,0,不详,1,0,爆料平台有隐患，恶意催收，年利率超高
5265,新智谷,50.0,2018-04-08,2018-01-30,"经营异常多；
",,大,交易所,,无,浙江,湖州,工司,数据库,不详,不详,3,0,不详,3,不详,0,不详,1,85%,1,0,http://www.huzhou.gov.cn/art/2017/12/12/art_29_700150.html；http://www.cztv.com/videos/xwdzb/3430457.html；http://baijiahao.baidu.com/s?id=1586294943236501961负面舆情多，新闻报道诈骗，当地政府官网报道：湖州开发区公安破获“新智谷”特大网络诈骗案 
11973,北京大宗商品交易所,50.0,2018-04-08,2018-04-01,暂无,,大,交易所,,无,北京,朝阳,工司,数据库,不详,不详,3,0,不详,30,不详,0,不详,0,不详,1,0,http://tieba.baidu.com/p/5002693916；https://www.zhihu.com/question/45318108；http://bbs.tianya.cn/post-free-4816449-1.shtml；http://xianhuo.hexun.com/2017-03-29/188660099.html；http://finance.sina.com.cn/money/future/fmnews/2017-03-29/doc-ifycstww1718804.shtml；本系统收录的网址有误，应为http://www.bjbce.com/；负面舆情多，投资者曝光维权多
13552,花无忧,50.0,2018-04-08,2018-01-30,"诉讼记录多；
经营异常多；
",null,小,网络借贷,无,无,浙江,杭州,工司,数据库,不详,不详,3,6,30%,3,45%,1,80%,1,85%,1,0,逾期率较高
14804,阿凡商品现货交易中心,50.0,2018-04-08,2018-01-30,"诉讼记录多；
",,大,"微盘,交易所",,无,湖南,长沙,工司,数据库,不详,不详,3,0,不详,3,不详,2,85%,0,不详,1,0,https://tieba.baidu.com/p/5057474958?red_tag=2929816856；http://bbs.tianya.cn/post-837-198676-1.shtml；http://www.sohu.com/a/127879979_539098；http://www.jxbx.cc/jxsh/51087.html涉嫌诈骗，负面舆情多，投资者曝光维权多
18132,君盛投资,50.0,2018-04-08,2018-03-18,暂无,无,大,互联网基金销售,,无,广东,深圳,工司,数据库,不详,不详,3,35,60%,3,不详,0,不详,0,不详,1,0,http://www.ld-brand.com/show-47312-0.html；http://www.hiwuhan.net/redian/365506.html；http://www.shxb.net/news/guonei/2018/0423/7046.html平台存在重大负面舆情
19227,币众筹,50.0,2018-04-08,2018-04-01,"经营异常多；
",,小,"虚拟货币,网络众筹",金融业或类金融业,平台失联,浙江,杭州,工司,数据库,不详,不详,3,44,70%,4,30%,0,不详,1,85%,1,0,预警报告中的官网已无法打开，且未检索到其他网址或有效信息
28549,悟空单车,50.0,2018-04-08,2018-03-11,暂无,,小,,,无,重庆,重庆,工司,人工导入,不详,不详,3,18,70%,3,45%,0,不详,0,不详,1,0,测试- 改回 无
19878,钱宝,98.0,2018-04-01,2018-01-30,"负面舆情多；
煽动性广告多；
收益率过高；
经营异常多；
",,大,"暂存疑,第三方支付",,无,上海,上海,工司,数据库,40%,95%,3,179,85%,264,95%,0,不详,1,85%,2,0,平台已雷已立案
22768,钱宝支付,80.2,2018-04-01,2018-01-30,暂无,,小,第三方支付,,无,重庆,重庆,工司,数据库,不详,不详,3,8,35%,25,75%,0,不详,0,不详,1,0,已立案
16269,品汇国际,75.4,2018-04-01,2018-03-18,暂无,外汇理财,大,"交易所,互联网资产管理",金融业或类金融业,无,北京,朝阳,工司,数据库,不详,不详,3,12,20%,16,不详,0,不详,0,不详,2,0,"1. 勰和睿达（北京）投资咨询有限公司4个网站备案中有3个可打开域名均是品汇国际，上海锐威实业有限公司2个备案网站中有1个可打开域名也是品汇国际，这4个可打开网站网页内容完全一样
2. 舆情显示外汇骗子，黑平台，“北京盈恒达商贸公司 做外汇诈骗平台品汇国际？”，该文章称“，2016年北京市门头沟法院（2016）京0109民初2570号已明确 NFXmarkets品汇国际，勰和睿达北京投资咨询有限公司属非法集资诈骗，属取缔性质”
3. 非法经营，平台现经营期货、原油、能源、股指等业务，未查到相关经营牌照，涉嫌非持牌开展业务
4. 勰和睿达（北京）投资咨询有限公司有行政处罚1条，公司登记事项发生变更时，未依法规定办理有关变更登记，经责令限期登记，逾期不登记
5. 勰和睿达（北京）投资咨询有限公司有法律诉讼1条，案由服务合同纠纷
6. 上海锐威实业有限公司经查询国家企业信用信息公示系统，未找到相关工商数据2个相关运营主体，勰和睿达（北京）投资咨询有限公司，上海锐威实业有限公司
1. 勰和睿达（北京）投资咨询有限公司4个网站备案中有3个可打开域名均是品汇国际，上海锐威实业有限公司2个备案网站中有1个可打开域名也是品汇国际，这4个可打开网站网页内容完全一样
2. 舆情显示外汇骗子，黑平台，“北京盈恒达商贸公司 做外汇诈骗平台品汇国际？”，该文章称“，2016年北京市门头沟法院（2016）京0109民初2570号已明确 NFXmarkets品汇国际，勰和睿达北京投资咨询有限公司属非法集资诈骗，属取缔性质”
3. 非法经营，平台现经营期货、原油、能源、股指等业务，未查到相关经营牌照，涉嫌非持牌开展业务
4. 勰和睿达（北京）投资咨询有限公司有行政处罚1条，公司登记事项发生变更时，未依法规定办理有关变更登记，经责令限期登记，逾期不登记
5. 勰和睿达（北京）投资咨询有限公司有法律诉讼1条，案由服务合同纠纷
6. 上海锐威实业有限公司经查询国家企业信用信息公示系统，未找到相关工商数据"
21343,海西商品交易所,70.1875,2018-04-01,2018-01-30,"经营异常多；
",投资理财,大,交易所,大宗商品交易市场,无,四川,德阳,工司,数据库,不详,不详,3,7,不详,7,65%,0,不详,1,85%,1,0,"运营主体为海西商品交易所有限公司
1. 有1条经营异常，通过登记的住所或者经营场所无法联系的 （2017-06-13），至今未移除
2. 有舆情显示，该交易所有诈骗行为，代表性报告：《海西交易所被指涉及多起骗局，母公司背景神秘》等
3. 投资项目：自称从事大宗商品现货交易，但在其官网上没有找到具体投资项目
4. 投资者参与方式：网上开户
5. 有法律诉讼7条，法院公告9条，案由为委托合同纠纷2条，金融委托理财合同纠纷4条，盗窃罪1条，其他1条
6. 域名未备案hxce008.com"
15648,湘楚嘉华,68.75,2018-04-01,2018-01-30,"经营异常多；
",投资理财,大,"微盘,交易所",证券、期货市场服务机构（含员工）,无,湖南,长沙,工司,数据库,不详,不详,3,32,35%,10,30%,0,不详,1,85%,1,0,"1. 有1条经营异常，通过登记的住所或者经营场所无法联系（2017-07-21），至今未移除
2. 投资项目，有投资者爆料项目为，铝 ，银，沥青
3. 投资者参与方式，手机微信上关注相关公众号即可下单交易，二元期权，买涨买跌
4. 有大量负面舆情，“湘楚嘉华诈骗害人倾家荡产”、“做湘楚嘉华微交易害人害己，诈骗财帛”、“投诉主题：投诉湘楚嘉华骗局”等
5. 广告夸大宣传，“风险小 成本低：10元即可玩，亏损可控”、“高收益：亏损有限，盈利无限”"
6389,人人期指,62.0,2018-04-01,2018-03-18,暂无,,小,互联网证券,,无,河南,郑州,工司,数据库,不详,不详,3,61,60%,2,不详,0,不详,0,不详,1,0,负面舆情，涉嫌交易不透明
14931,钱车网,61.6667,2018-04-01,2018-01-30,暂无,众筹,小,网络众筹,,无,山东,济南,工司,数据库,8%,5%,3,17,不详,0,不详,0,不详,0,不详,1,0,经营模式为车辆众筹，项目模式存疑
15502,聚享游,59.375,2018-04-01,2018-03-18,"煽动性广告多；
",,大,非法集资,,无,新疆,伊犁,工司,数据库,不详,不详,3,615,80%,6,不详,0,不详,0,不详,1,0,游戏理财
28371,融金汇银,55.0,2018-04-01,2018-01-30,"负面舆情多；
煽动性广告多；
",投资贵金属,大,"门户导航,交易所",民间投融资类中介机构,"平台诈骗,平台失联",上海,上海,工司,数据库,不详,不详,3,119,80%,67,90%,0,不详,0,不详,1,0,http://www.jiemian.com/article/1560149.htmlhttp://news.cngold.com.cn/20140320d1706n28187018.htmlhttp://new.qq.com/cmsn/20140325/20140325012319http://www.sohu.com/a/166383233_120809平台官网无法打开，疑似失联。且网上有大量该平台涉嫌诈骗的报道，投资人投资贵金属损失惨重。
15490,淘金农场,53.125,2018-04-01,2018-03-18,暂无,,小,非法集资,,无,四川,成都,工司,数据库,不详,不详,3,105,30%,5,不详,0,不详,0,不详,1,0,游戏理财，暂停营业
455,绿能宝,91.0,2018-03-25,2018-01-10,"负面舆情多；
诉讼记录多；
经营异常多；
",,不详,网络借贷,,提现困难,江苏,苏州,平台,网贷之家,5%,不详,3,108,75%,126,90%,19,90%,1,85%,1,0,
13571,今朝资产,82.0,2018-03-25,2018-01-30,"负面舆情多；
经营异常多；
",,小,催收,,无,湖南,长沙,工司,数据库,不详,不详,3,21,65%,54,95%,0,不详,1,85%,1,0,舆情爆料涉嫌非法集资
11414,XM外汇,79.0,2018-03-25,2018-01-30,"负面舆情多；
经营异常多；
",,小,网络外汇,金融业或类金融业,平台失联,江苏,淮安,工司,数据库,10%,20%,3,27,35%,34,80%,0,不详,1,85%,1,0,https://www.xm.co.uk/cn/（官网）预警里的平台网站已无法打开，发现一个新的网站，但没有披露ICP备案号以及经营主体
27150,汇付天下,69.0,2018-03-25,2018-01-30,"诉讼记录多；
煽动性广告多；
",无,大,"第三方支付,网络借贷",无,无,上海,上海,工司,数据库,不详,不详,3,583,90%,11,60%,33,95%,0,不详,1,0,HJ
3677,宝富国际,62.0,2018-03-25,2018-01-30,暂无,,小,"网络外汇,交易所",金融业或类金融业,涉嫌欺诈,云南,红河,工司,数据库,不详,不详,3,111,75%,10,55%,0,不详,0,不详,1,0,http://www.beneforex-china.comhttp://www.tousu8.com/xinxing/gaoxin/33.html预警里的经营主体不对，经天眼查查询，云南立竿见影广告有限公司的经营范围为广告业务。宝富国际宣称为国外平台，有多个网站，且能网上开户。根据网上舆情，及公司主体不透明，存在欺诈风险
24545,点对点,62.0,2018-03-25,2018-01-30,"诉讼记录多；
煽动性广告多；
",无,大,金融超市,无,无,北京,北京,工司,数据库,不详,不详,3,193,90%,2,30%,2,85%,0,不详,1,0,ACEGI“点对点金融超市”平台名称
17158,豆豆钱,59.0,2018-03-25,2018-01-30,"诉讼记录多；
",无,大,网络借贷,无,无,上海,上海,工司,数据库,不详,不详,3,27,45%,10,70%,1,80%,0,不详,1,0,J
2565,联璧金融,56.0,2018-03-25,2018-01-10,"煽动性广告多；
",无,小,网络借贷,无,无,上海,上海,平台,网贷之家,不详,不详,3,464,90%,7,60%,0,不详,0,不详,1,0,诈骗；疑似跑路
716,帮投网,53.0,2018-03-25,2018-01-10,暂无,投资理财,大,"网络借贷,互联网期货",证券、期货市场服务机构（含员工）,无,江苏,南京,平台,网贷之家,不详,不详,3,93,70%,4,55%,0,不详,0,不详,1,0,广告夸大宣传，跟着高手做交易，安心，稳收益；高收益宣传， 排名前十导师平均累计收益率456%；投资黄金，白银，铜，室友，天然气，恒指，纳指，农产品，外汇期货等
1622,信和大金融,60.0,2018-03-18,2018-03-18,"煽动性广告多；
",直接借贷,大,"互联网资产管理,网络借贷",P2P网络借贷,无,北京,朝阳,平台,网贷之家,8%,5%,3,86,80%,7,60%,0,不详,0,不详,1,0,"1.官网宣称年化出借回报率5.3%-11.26%；
2.平台有大量称其严重逾期，为骗子公司，非法集资负面舆论；
2.舆情显示平台大股东夏靖被指涉嫌经济犯罪，同时贴吧被删帖，疑似公关所为；
3.关联公司信和财富投资管理（北京）有限公司有经营异常2条（无法联系和弄虚作假），行政处罚2条，法律诉讼59条，被执行人4条；
4.投资项目，嘉赢计划、魔投计划、散标，投资去向均为小额借款人，其中嘉赢计划、魔投计划有拆标和期限错配嫌疑，网站称投资人通过受让债权人未到期债权或直接将资金出借给合格的小额借款人，出借过程中采用系统智能匹配实现出借本金及约定回报循环出借；
5.网站称由新网银行提供存管。"
26850,优分期,70.0,2018-03-11,2018-01-30,暂无,,小,"互联网消费金融,网络借贷",金融业或类金融业,违规催收,北京,朝阳,工司,数据库,不详,不详,3,29,55%,14,65%,0,不详,0,不详,1,0,https://tieba.baidu.com/p/5152966475?red_tag=1720108220违规催收
